,precision,recall,f1-score,support,accuracy
0,0.9028824833702882,0.9975502204801567,0.9478584729981379,2041.0,0.9975502204801567
1,0.16666666666666666,0.004545454545454545,0.008849557522123894,220.0,0.004545454545454545
avg / total,0.5347745750184775,0.5010478375128057,0.4783540152601309,2261.0,0.9009287925696594
