,precision,recall,f1-score,support,accuracy
0,0.7018828451882845,0.5870516185476815,0.639352072415436,1143.0,0.5870516185476815
1,0.5875,0.5637181409295352,0.575363427697016,667.0,0.5637181409295352
2,0.34887218045112783,0.5144124168514412,0.4157706093189964,451.0,0.5144124168514412
avg / total,0.5460850085464708,0.555060725442886,0.5434953698104827,2261.0,0.5656789031402034
