,precision,recall,f1-score,support,accuracy
0,0.6850519584332534,0.7497812773403325,0.7159565580618212,1143.0,0.7497812773403325
1,0.6574923547400612,0.6446776611694153,0.6510219530658592,667.0,0.6446776611694153
2,0.3651685393258427,0.28824833702882485,0.322180916976456,451.0,0.28824833702882485
avg / total,0.5692376174997191,0.5609024251795243,0.5630531427013789,2261.0,0.6267138434321097
