,precision,recall,f1-score,support,accuracy
0,0.9055679287305123,0.9960803527682509,0.948670088660756,2041.0,0.9960803527682509
1,0.5,0.03636363636363636,0.06779661016949153,220.0,0.03636363636363636
avg / total,0.7027839643652561,0.5162219945659436,0.5082333494151238,2261.0,0.9026979212737727
