,precision,recall,f1-score,support,accuracy
0,0.7397454031117398,0.582567529935951,0.6518149244430596,3591.0,0.582567529935951
1,0.5042989417989417,0.6744803184431667,0.5771050141911068,2261.0,0.6744803184431667
avg / total,0.6220221724553407,0.6285239241895588,0.6144599693170831,5852.0,0.6180792891319207
