,precision,recall,f1-score,support,accuracy
0,0.7231182795698925,0.7060367454068242,0.7144754316069057,1143.0,0.7060367454068242
1,0.6577840112201964,0.7031484257871065,0.6797101449275362,667.0,0.7031484257871065
2,0.3541666666666667,0.3392461197339246,0.34654586636466594,451.0,0.3392461197339246
avg / total,0.5783563191522518,0.582810430309285,0.5802438142997026,2261.0,0.6320212295444494
