,precision,recall,f1-score,support,accuracy
0,0.9078947368421053,0.9804017638412543,0.9427561837455831,2041.0,0.9804017638412543
1,0.2982456140350877,0.07727272727272727,0.12274368231046931,220.0,0.07727272727272727
avg / total,0.6030701754385965,0.5288372455569907,0.5327499330280262,2261.0,0.8925254312251216
