,precision,recall,f1-score,support,accuracy
0,0.9152777777777777,0.9686428221460068,0.9412044751249702,2041.0,0.9686428221460068
1,0.36633663366336633,0.16818181818181818,0.23052959501557632,220.0,0.16818181818181818
avg / total,0.640807205720572,0.5684123201639125,0.5858670350702733,2261.0,0.8907563025210085
