,precision,recall,f1-score,support,accuracy
0,0.7238493723849372,0.4540682414698163,0.5580645161290322,1143.0,0.4540682414698163
1,0.6153846153846154,0.7076461769115442,0.6582984658298466,667.0,0.7076461769115442
2,0.24581724581724582,0.42350332594235035,0.31107491856677527,451.0,0.42350332594235035
avg / total,0.5283504111955994,0.5284059147745703,0.5091459668418846,2261.0,0.5227775320654577
