,precision,recall,f1-score,support,accuracy
0,0.9388954171562868,0.7829495345418912,0.8538605396740582,2041.0,0.7829495345418912
1,0.2075134168157424,0.5272727272727272,0.29781771501925547,220.0,0.5272727272727272
avg / total,0.5732044169860145,0.6551111309073092,0.5758391273466568,2261.0,0.7580716497125166
