,precision,recall,f1-score,support,accuracy
0,0.9307733910221742,0.8432141107300343,0.8848329048843188,2041.0,0.8432141107300343
1,0.22330097087378642,0.41818181818181815,0.29113924050632917,220.0,0.41818181818181815
avg / total,0.5770371809479803,0.6306979644559262,0.587986072695324,2261.0,0.8018575851393189
