,precision,recall,f1-score,support,accuracy
0,0.7328431372549019,0.6661097187412977,0.697884755652808,3591.0,0.6661097187412977
1,0.5367078825347759,0.6143299425033171,0.5729016292018971,2261.0,0.6143299425033171
avg / total,0.6347755098948389,0.6402198306223074,0.6353931924273526,5852.0,0.6461038961038961
