,precision,recall,f1-score,support,accuracy
0,0.7075601374570447,0.5733778891673629,0.6334410090755269,3591.0,0.5733778891673629
1,0.47926580557443915,0.6236178681999115,0.5419950028829521,2261.0,0.6236178681999115
avg / total,0.5934129715157419,0.5984978786836372,0.5877180059792395,5852.0,0.5927887901572112
