,precision,recall,f1-score,support,accuracy
0,0.7215367358384744,0.7165135059871902,0.7190163476316892,3591.0,0.7165135059871902
1,0.5546806649168854,0.5608137992038921,0.557730371673631,2261.0,0.5608137992038921
avg / total,0.63810870037768,0.6386636525955411,0.6383733596526602,5852.0,0.6563568010936432
