,precision,recall,f1-score,support,accuracy
0,0.7066766691672918,0.8241469816272966,0.7609046849757675,1143.0,0.8241469816272966
1,0.6854395604395604,0.7481259370314842,0.7154121863799283,667.0,0.7481259370314842
2,0.51,0.2261640798226164,0.31336405529953915,451.0,0.2261640798226164
avg / total,0.6340387432022841,0.5994789994937991,0.5965603088850783,2261.0,0.6824413976116762
