,precision,recall,f1-score,support,accuracy
0,0.680029695619896,0.8013998250218722,0.7357429718875501,1143.0,0.8013998250218722
1,0.6452476572958501,0.7226386806596702,0.6817538896746818,667.0,0.7226386806596702
2,0.40119760479041916,0.14855875831485588,0.21682847896440127,451.0,0.14855875831485588
avg / total,0.5754916525687218,0.5575324213321328,0.5447751135088778,2261.0,0.6479433878814683
