,precision,recall,f1-score,support,accuracy
0,0.7216994582264044,0.7048175995544417,0.7131586362355594,3591.0,0.7048175995544417
1,0.5479744136460555,0.5683325961963733,0.5579678679982631,2261.0,0.5683325961963733
avg / total,0.6348369359362299,0.6365750978754074,0.6355632521169112,5852.0,0.6520847573479153
