,precision,recall,f1-score,support,accuracy
0,0.7128116938950989,0.7252843394575678,0.7189939288811794,1143.0,0.7252843394575678
1,0.6657458563535912,0.7226386806596702,0.6930265995686558,667.0,0.7226386806596702
2,0.4144385026737968,0.3436807095343681,0.3757575757575758,451.0,0.3436807095343681
avg / total,0.5976653509741623,0.597201243217202,0.5959260347358036,2261.0,0.6483856700574967
