,precision,recall,f1-score,support,accuracy
0,0.9109461966604824,0.9622733953944145,0.9359065999523469,2041.0,0.9622733953944145
1,0.26666666666666666,0.12727272727272726,0.1723076923076923,220.0,0.12727272727272726
avg / total,0.5888064316635745,0.5447730613335708,0.5541071461300197,2261.0,0.8810260946483857
