,precision,recall,f1-score,support,accuracy
0,0.4098360655737705,0.22522522522522523,0.29069767441860467,111.0,0.22522522522522523
1,0.5769230769230769,0.3488372093023256,0.43478260869565216,86.0,0.3488372093023256
2,0.5578231292517006,0.780952380952381,0.6507936507936507,210.0,0.780952380952381
avg / total,0.514860757249516,0.45167160515997723,0.4587579779693025,407.0,0.538083538083538
