,precision,recall,f1-score,support,accuracy
0,0.9342105263157895,0.6450762016412661,0.7631761442441053,3412.0,0.6450762016412661
1,0.1722488038277512,0.6191646191646192,0.2695187165775401,407.0,0.6191646191646192
avg / total,0.5532296650717703,0.6321204104029426,0.5163474304108226,3819.0,0.6423147420790782
