,precision,recall,f1-score,support,accuracy
0,0.2751322751322751,0.46846846846846846,0.3466666666666667,111.0,0.46846846846846846
1,0.40229885057471265,0.4069767441860465,0.4046242774566474,86.0,0.4069767441860465
2,0.5038167938931297,0.3142857142857143,0.3870967741935484,210.0,0.3142857142857143
avg / total,0.39374930653337253,0.39657697564674305,0.3794625727722875,407.0,0.3759213759213759
