,precision,recall,f1-score,support,accuracy
0,0.935016835016835,0.8138921453692849,0.8702601065496709,3412.0,0.8138921453692849
1,0.25206124852767964,0.5257985257985258,0.3407643312101911,407.0,0.5257985257985258
avg / total,0.5935390417722572,0.6698453355839054,0.605512218879931,3819.0,0.7831893165750197
