,precision,recall,f1-score,support,accuracy
0,0.9467570183930301,0.5732708089097304,0.7141292442497263,3412.0,0.5732708089097304
1,0.16942384483742157,0.7297297297297297,0.275,407.0,0.7297297297297297
avg / total,0.5580904316152258,0.65150026931973,0.4945646221248632,3819.0,0.5899450117831894
