,precision,recall,f1-score,support,accuracy
0,0.3879310344827586,0.40540540540540543,0.3964757709251101,111.0,0.40540540540540543
1,0.4342105263157895,0.38372093023255816,0.4074074074074074,86.0,0.38372093023255816
2,0.6,0.6142857142857143,0.6070588235294118,210.0,0.6142857142857143
avg / total,0.4740471869328493,0.467804016641226,0.47031400062064305,407.0,0.5085995085995086
