,precision,recall,f1-score,support,accuracy
0,0.9172889144170018,0.9361078546307151,0.9266028430519292,3412.0,0.9361078546307151
1,0.35311572700296734,0.29238329238329236,0.3198924731182795,407.0,0.29238329238329236
avg / total,0.6352023207099846,0.6142455735070037,0.6232476580851043,3819.0,0.8675045823514009
