,precision,recall,f1-score,support,accuracy
0,0.375,0.05405405405405406,0.09448818897637795,111.0,0.05405405405405406
1,0.6756756756756757,0.29069767441860467,0.4065040650406504,86.0,0.29069767441860467
2,0.536723163841808,0.9047619047619048,0.673758865248227,210.0,0.9047619047619048
avg / total,0.5291329465058279,0.4165045444115212,0.39158370642175183,407.0,0.542997542997543
