,precision,recall,f1-score,support,accuracy
0,0.5641025641025641,0.1981981981981982,0.29333333333333333,111.0,0.1981981981981982
1,0.5777777777777777,0.3023255813953488,0.3969465648854962,86.0,0.3023255813953488
2,0.5572755417956656,0.8571428571428571,0.675422138836773,210.0,0.8571428571428571
avg / total,0.5663852945586692,0.45255554557880134,0.4552340123518675,407.0,0.5601965601965602
