,precision,recall,f1-score,support,accuracy
0,0.45569620253164556,0.32432432432432434,0.3789473684210526,111.0,0.32432432432432434
1,0.4470588235294118,0.4418604651162791,0.4444444444444445,86.0,0.4418604651162791
2,0.5720164609053497,0.6619047619047619,0.6136865342163355,210.0,0.6619047619047619
avg / total,0.49159049565546903,0.4760298504484551,0.4790261156939442,407.0,0.5233415233415234
