,precision,recall,f1-score,support,accuracy
0,0.3883495145631068,0.36036036036036034,0.3738317757009346,111.0,0.36036036036036034
1,0.43529411764705883,0.43023255813953487,0.4327485380116959,86.0,0.43023255813953487
2,0.593607305936073,0.6190476190476191,0.6060606060606061,210.0,0.6190476190476191
avg / total,0.47241697938207955,0.46988017918250474,0.4708803065910789,407.0,0.5085995085995086
