,precision,recall,f1-score,support,accuracy
0,0.6706281833616299,0.7669902912621359,0.7155797101449276,1545.0,0.7669902912621359
1,0.48717948717948717,0.37012987012987014,0.42066420664206644,924.0,0.37012987012987014
avg / total,0.5789038352705586,0.5685600806960031,0.568121958393497,2469.0,0.6184690157958688
