,precision,recall,f1-score,support,accuracy
0,0.4626865671641791,0.3902877697841727,0.4234146341463415,556.0,0.3902877697841727
1,0.7055593685655457,0.8310428455941795,0.7631774313288789,1237.0,0.8310428455941795
2,0.4622467771639042,0.371301775147929,0.4118129614438064,676.0,0.371301775147929
avg / total,0.543497570964543,0.5308774635087604,0.5328016756396756,2469.0,0.6059133252328878
