,precision,recall,f1-score,support,accuracy
0,0.3496420047732697,0.5269784172661871,0.42037302725968434,556.0,0.5269784172661871
1,0.6965020576131687,0.5472918350848828,0.6129470348574015,1237.0,0.5472918350848828
2,0.3201820940819423,0.3121301775147929,0.3161048689138577,676.0,0.3121301775147929
avg / total,0.45544205215612693,0.46213347662195425,0.4498083103436479,2469.0,0.4783313082219522
