,precision,recall,f1-score,support,accuracy
0,0.4537521815008726,0.4676258992805755,0.46058458813108943,556.0,0.4676258992805755
1,0.7165932452276065,0.7890056588520614,0.7510580992689496,1237.0,0.7890056588520614
2,0.4307116104868914,0.34023668639053256,0.38016528925619836,676.0,0.34023668639053256
avg / total,0.5336856790717901,0.5322894148410565,0.5306026588854125,2469.0,0.5937626569461321
