,precision,recall,f1-score,support,accuracy
0,0.4190031152647975,0.48381294964028776,0.44908180300500833,556.0,0.48381294964028776
1,0.6938628158844765,0.7768795472918351,0.7330282227307398,1237.0,0.7768795472918351
2,0.39592760180995473,0.2588757396449704,0.31305903398926654,676.0,0.2588757396449704
avg / total,0.5029311776530762,0.5065227455256976,0.4983896865750048,2469.0,0.5690562980963954
