,precision,recall,f1-score,support,accuracy
0,0.6759124087591241,0.5993527508090615,0.6353344768439109,1545.0,0.5993527508090615
1,0.4367606915377616,0.5194805194805194,0.4745427582797825,924.0,0.5194805194805194
avg / total,0.5563365501484429,0.5594166351447905,0.5549386175618467,2469.0,0.5694613203726205
