,precision,recall,f1-score,support,accuracy
0,0.6547677261613692,0.8666666666666667,0.7459610027855154,1545.0,0.8666666666666667
1,0.5141509433962265,0.23593073593073594,0.32344213649851633,924.0,0.23593073593073594
avg / total,0.5844593347787979,0.5512987012987013,0.5347015696420159,2469.0,0.6306196840826246
