,precision,recall,f1-score,support,accuracy
0,0.7151629664619745,0.6894353369763205,0.7020635288662185,2196.0,0.6894353369763205
1,0.7323390894819466,0.755771567436209,0.7438708391469006,2469.0,0.755771567436209
avg / total,0.7237510279719606,0.7226034522062648,0.7229671840065595,4665.0,0.7245444801714899
