,precision,recall,f1-score,support,accuracy
0,0.36225596529284165,0.6007194244604317,0.45196211096075783,556.0,0.6007194244604317
1,0.6858137510879025,0.6370250606305577,0.6605196982397317,1237.0,0.6370250606305577
2,0.3442211055276382,0.20266272189349113,0.25512104283054005,676.0,0.20266272189349113
avg / total,0.46409694063612744,0.4801357356614935,0.4558676173436765,2469.0,0.5099230457675172
