,precision,recall,f1-score,support,accuracy
0,0.4559068219633943,0.49280575539568344,0.4736387208297321,556.0,0.49280575539568344
1,0.7725806451612903,0.7744543249797898,0.7735163504238999,1237.0,0.7744543249797898
2,0.4410828025477707,0.40976331360946744,0.42484662576687116,676.0,0.40976331360946744
avg / total,0.5565234232241517,0.5590077979949802,0.5573338990068343,2469.0,0.6111786148238153
