,precision,recall,f1-score,support,accuracy
0,0.44648829431438125,0.4802158273381295,0.462738301559792,556.0,0.4802158273381295
1,0.7494014365522745,0.7590945836701698,0.7542168674698796,1237.0,0.7590945836701698
2,0.45307443365695793,0.41420118343195267,0.4327666151468315,676.0,0.41420118343195267
avg / total,0.5496547215078712,0.551170531480084,0.5499072613921677,2469.0,0.6018631024706359
