,precision,recall,f1-score,support,accuracy
0,0.6637744034707158,0.7922330097087379,0.7223369725582767,1545.0,0.7922330097087379
1,0.4864,0.329004329004329,0.39251129761136216,924.0,0.329004329004329
avg / total,0.5750872017353579,0.5606186693565335,0.5574241350848195,2469.0,0.618874038072094
