,precision,recall,f1-score,support,accuracy
0,0.7687555163283318,0.7932604735883424,0.7808157776781712,2196.0,0.7932604735883424
1,0.810754481033764,0.7877683272579992,0.7990961380443713,2469.0,0.7877683272579992
avg / total,0.7897549986810479,0.7905144004231708,0.7899559578612713,4665.0,0.7903536977491962
