,precision,recall,f1-score,support,accuracy
0,0.6861365235749473,0.6310679611650486,0.6574511126095751,1545.0,0.6310679611650486
1,0.45610687022900764,0.5173160173160173,0.4847870182555781,924.0,0.5173160173160173
avg / total,0.5711216969019774,0.5741919892405329,0.5711190654325766,2469.0,0.5884973673552045
