,precision,recall,f1-score,support,accuracy
0,0.6625339015885315,0.7786885245901639,0.7159305003140045,2196.0,0.7786885245901639
1,0.7667946257197696,0.6472255974078575,0.7019547551065232,2469.0,0.6472255974078575
avg / total,0.7146642636541506,0.7129570609990107,0.7089426277102638,4665.0,0.7091103965702037
