,precision,recall,f1-score,support,accuracy
0,0.7518216888126875,0.7987249544626593,0.7745639213954515,2196.0,0.7987249544626593
1,0.8104631217838765,0.7654921020656136,0.7873359716725682,2469.0,0.7654921020656136
avg / total,0.781142405298282,0.7821085282641365,0.7809499465340098,4665.0,0.7811361200428725
