,precision,recall,f1-score,support,accuracy
0,0.686013986013986,0.6349514563106796,0.6594957983193278,1545.0,0.6349514563106796
1,0.4571703561116458,0.5140692640692641,0.4839531329597555,924.0,0.5140692640692641
avg / total,0.5715921710628159,0.5745103601899719,0.5717244656395417,2469.0,0.5897124341838801
