,precision,recall,f1-score,support,accuracy
0,0.6679340937896071,0.6822006472491909,0.6749919948767211,1545.0,0.6822006472491909
1,0.4489337822671156,0.4329004329004329,0.44077134986225897,924.0,0.4329004329004329
avg / total,0.5584339380283614,0.557550540074812,0.55788167236949,2469.0,0.5889023896314297
