,precision,recall,f1-score,support,accuracy
0,0.5446808510638298,0.622733303847855,0.5810978126289724,2261.0,0.622733303847855
1,0.738904193449648,0.6722361459203564,0.7039953339165937,3591.0,0.6722361459203564
avg / total,0.6417925222567389,0.6474847248841057,0.6425465732727831,5852.0,0.65311004784689
