iter	MultiClass
0	-1.098288546
1	-1.097963555
2	-1.09765024
3	-1.097321053
4	-1.097013664
5	-1.096699291
